position,nucleotide,state
0,A,non-island
1,G,non-island
2,A,non-island
3,G,non-island
4,T,non-island
5,T,non-island
6,T,non-island
7,A,non-island
8,A,non-island
9,C,non-island
10,G,non-island
11,A,non-island
12,T,non-island
13,T,non-island
14,G,island
15,C,island
16,C,island
17,T,island
18,G,island
19,G,island
20,C,island
21,G,island
22,A,island
23,G,island
24,C,island
25,C,island
26,T,island
27,G,island
28,C,island
29,A,island
30,T,island
31,G,island
32,C,island
33,T,island
34,C,island
35,T,island
36,G,island
37,G,island
38,G,island
39,C,island
40,C,island
41,C,island
42,G,island
43,C,island
44,C,island
45,C,island
46,G,island
47,G,island
48,T,island
49,C,island
50,A,island
51,G,island
52,C,island
53,T,island
54,C,island
55,C,island
56,A,island
57,C,island
58,A,island
59,G,non-island
60,A,non-island
61,A,non-island
62,T,non-island
63,G,non-island
64,A,non-island
65,G,non-island
66,T,non-island
67,T,non-island
68,A,non-island
69,T,non-island
70,G,non-island
71,G,non-island
72,T,non-island
73,C,non-island
74,T,non-island
75,A,non-island
76,A,non-island
77,A,non-island
78,C,non-island
79,A,non-island
80,C,non-island
81,C,non-island
82,T,non-island
83,T,non-island
84,G,non-island
85,C,non-island
86,G,non-island
87,C,non-island
88,T,non-island
89,G,non-island
90,C,non-island
91,A,non-island
92,T,non-island
93,G,non-island
94,G,non-island
95,A,non-island
96,C,non-island
97,C,non-island
98,C,non-island
99,A,non-island
100,T,non-island
101,C,non-island
102,C,non-island
103,T,non-island
104,T,non-island
105,A,non-island
106,T,non-island
107,C,non-island
108,T,non-island
109,T,non-island
110,A,non-island
111,G,non-island
112,A,non-island
113,G,non-island
114,A,non-island
115,A,non-island
116,A,non-island
117,T,non-island
118,G,non-island
119,T,non-island
120,G,non-island
121,A,non-island
122,A,non-island
123,A,non-island
124,C,non-island
125,T,non-island
126,A,non-island
127,A,non-island
128,G,non-island
129,T,non-island
130,T,non-island
131,G,non-island
132,T,non-island
133,A,non-island
134,T,non-island
135,G,non-island
136,G,non-island
137,C,non-island
138,C,non-island
139,C,non-island
140,G,non-island
141,T,non-island
142,A,non-island
143,C,non-island
144,G,non-island
145,G,non-island
146,A,non-island
147,A,non-island
148,C,non-island
149,G,non-island
150,G,non-island
151,C,non-island
152,C,non-island
153,A,non-island
154,G,non-island
155,G,non-island
156,A,non-island
157,A,non-island
158,C,non-island
159,C,non-island
160,G,non-island
161,G,non-island
162,T,non-island
163,A,non-island
164,T,non-island
165,G,non-island
166,T,non-island
167,T,non-island
168,T,non-island
169,T,non-island
170,T,non-island
171,A,non-island
172,C,non-island
173,C,non-island
174,G,non-island
175,T,non-island
176,A,non-island
177,A,non-island
178,T,non-island
179,T,non-island
180,T,non-island
181,A,non-island
182,T,non-island
183,T,non-island
184,A,island
185,G,island
186,G,island
187,C,island
188,G,island
189,C,island
190,A,island
191,C,island
192,A,island
193,G,island
194,C,island
195,C,island
196,C,island
197,A,island
198,C,island
199,G,island
200,T,island
201,C,island
202,C,island
203,C,island
204,G,island
205,G,island
206,C,non-island
207,A,non-island
208,G,non-island
209,T,non-island
210,T,non-island
211,C,non-island
212,G,non-island
213,T,non-island
214,G,non-island
215,G,non-island
216,G,non-island
217,T,non-island
218,C,non-island
219,T,non-island
220,C,non-island
221,C,non-island
222,T,non-island
223,C,non-island
224,T,non-island
225,G,non-island
226,T,non-island
227,T,non-island
228,A,non-island
229,G,non-island
230,A,non-island
231,C,non-island
232,C,non-island
233,G,non-island
234,T,non-island
235,A,non-island
236,C,non-island
237,A,non-island
238,G,non-island
239,G,non-island
240,T,non-island
241,T,non-island
242,G,non-island
243,C,non-island
244,T,non-island
245,A,non-island
246,A,non-island
247,G,non-island
248,T,non-island
249,T,non-island
250,A,non-island
251,A,non-island
252,A,non-island
253,A,non-island
254,A,non-island
255,A,non-island
256,G,non-island
257,A,non-island
258,A,non-island
259,G,non-island
260,C,non-island
261,T,non-island
262,G,non-island
263,A,non-island
264,A,non-island
265,T,non-island
266,T,non-island
267,C,non-island
268,G,non-island
269,T,non-island
270,A,non-island
271,A,non-island
272,A,non-island
273,A,non-island
274,T,non-island
275,A,non-island
276,C,non-island
277,T,non-island
278,G,non-island
279,A,non-island
280,A,non-island
281,G,non-island
282,C,non-island
283,A,non-island
284,T,non-island
285,A,non-island
286,T,non-island
287,C,non-island
288,G,non-island
289,C,non-island
290,G,non-island
291,G,non-island
292,A,non-island
293,C,non-island
294,T,non-island
295,T,non-island
296,G,non-island
297,A,non-island
298,T,non-island
299,A,non-island
300,G,non-island
301,G,non-island
302,T,non-island
303,A,non-island
304,G,non-island
305,C,non-island
306,A,non-island
307,A,non-island
308,C,non-island
309,A,non-island
310,C,non-island
311,C,non-island
312,A,non-island
313,T,non-island
314,A,non-island
315,G,non-island
316,T,non-island
317,T,non-island
318,A,non-island
319,C,non-island
320,T,non-island
321,A,non-island
322,A,non-island
323,T,non-island
324,C,non-island
325,T,non-island
326,G,non-island
327,T,non-island
328,A,non-island
329,T,non-island
330,A,non-island
331,G,non-island
332,A,non-island
333,A,non-island
334,T,non-island
335,T,non-island
336,T,non-island
337,A,non-island
338,A,non-island
339,T,non-island
340,C,non-island
341,T,non-island
342,T,non-island
343,G,non-island
344,T,non-island
345,C,non-island
346,G,non-island
347,C,non-island
348,G,non-island
349,A,non-island
350,A,non-island
351,A,non-island
352,G,non-island
353,G,non-island
354,C,non-island
355,A,non-island
356,A,non-island
357,A,non-island
358,A,non-island
359,T,non-island
360,G,non-island
361,T,non-island
362,T,non-island
363,C,non-island
364,T,non-island
365,C,non-island
366,T,non-island
367,C,non-island
368,C,non-island
369,G,non-island
370,C,non-island
371,T,non-island
372,A,non-island
373,A,non-island
374,G,non-island
375,C,non-island
376,A,non-island
377,G,non-island
378,A,non-island
379,A,non-island
380,A,non-island
381,A,non-island
382,T,non-island
383,A,non-island
384,A,non-island
385,G,non-island
386,A,non-island
387,T,non-island
388,T,non-island
389,G,non-island
390,G,non-island
391,T,non-island
392,G,non-island
393,G,non-island
394,T,non-island
395,T,non-island
396,T,non-island
397,A,non-island
398,A,non-island
399,G,non-island
400,T,non-island
401,T,non-island
402,G,non-island
403,G,non-island
404,A,non-island
405,G,non-island
406,A,non-island
407,C,non-island
408,G,non-island
409,A,non-island
410,G,non-island
411,A,non-island
412,A,non-island
413,C,non-island
414,A,non-island
415,T,non-island
416,T,non-island
417,G,non-island
418,C,non-island
419,A,non-island
420,C,non-island
421,C,non-island
422,G,non-island
423,C,non-island
424,G,non-island
425,A,non-island
426,A,non-island
427,G,non-island
428,G,non-island
429,G,non-island
430,C,non-island
431,T,non-island
432,A,non-island
433,T,non-island
434,G,non-island
435,A,non-island
436,G,non-island
437,C,non-island
438,C,non-island
439,A,non-island
440,A,non-island
441,A,non-island
442,C,non-island
443,C,non-island
444,T,non-island
445,T,non-island
446,T,non-island
447,A,non-island
448,A,non-island
449,A,non-island
450,G,non-island
451,T,non-island
452,T,non-island
453,A,non-island
454,C,non-island
455,G,non-island
456,G,non-island
457,G,non-island
458,G,non-island
459,T,non-island
460,G,non-island
461,G,non-island
462,A,non-island
463,G,non-island
464,C,non-island
465,A,non-island
466,A,non-island
467,C,non-island
468,C,non-island
469,G,non-island
470,T,non-island
471,A,non-island
472,T,non-island
473,T,non-island
474,C,non-island
475,C,non-island
476,G,non-island
477,T,non-island
478,G,non-island
479,T,non-island
480,A,non-island
481,A,non-island
482,C,non-island
483,C,non-island
484,A,non-island
485,A,non-island
486,A,non-island
487,G,non-island
488,G,island
489,C,island
490,A,island
491,C,island
492,G,island
493,A,island
494,T,island
495,C,island
496,A,island
497,A,island
498,T,island
499,T,island
500,C,island
501,A,island
502,C,island
503,C,island
504,C,island
505,T,island
506,C,island
507,G,island
508,C,island
509,C,island
510,G,island
511,C,island
512,G,island
513,C,island
514,C,island
515,G,island
516,C,island
517,T,island
518,G,island
519,C,island
520,A,island
521,G,island
522,G,island
523,C,island
524,G,island
525,C,island
526,T,island
527,T,island
528,T,island
529,C,island
530,T,island
531,G,island
532,C,island
533,C,island
534,C,island
535,C,island
536,G,island
537,C,island
538,C,island
539,C,island
540,C,island
541,G,island
542,C,island
543,G,island
544,C,island
545,C,island
546,G,island
547,A,non-island
548,A,non-island
549,T,non-island
550,G,non-island
551,G,non-island
552,G,non-island
553,A,non-island
554,A,non-island
555,T,island
556,A,island
557,G,island
558,A,island
559,G,island
560,G,island
561,T,island
562,G,island
563,T,island
564,A,island
565,T,island
566,C,island
567,C,island
568,G,island
569,G,island
570,C,island
571,G,island
572,C,island
573,G,island
574,C,island
575,G,island
576,A,island
577,A,island
578,A,island
579,C,island
580,C,island
581,C,island
582,G,island
583,G,island
584,C,island
585,G,island
586,A,island
587,G,island
588,G,island
589,C,island
590,T,island
591,T,island
592,G,island
593,T,island
594,T,island
595,T,island
596,C,island
597,T,island
598,C,island
599,T,island
600,C,island
601,T,island
602,A,island
603,C,island
604,G,island
605,T,island
606,C,island
607,G,island
608,A,island
609,C,island
610,C,island
611,T,island
612,G,island
613,G,island
614,G,island
615,C,island
616,G,island
617,G,island
618,C,island
619,G,island
620,G,island
621,G,island
622,T,island
623,C,island
624,A,island
625,C,island
626,C,island
627,T,island
628,T,island
629,C,island
630,C,island
631,C,island
632,A,island
633,G,island
634,C,island
635,G,island
636,G,island
637,C,island
638,C,island
639,C,island
640,C,island
641,C,island
642,G,island
643,T,island
644,C,island
645,G,island
646,T,island
647,A,island
648,C,island
649,C,island
650,C,island
651,C,island
652,A,island
653,T,island
654,C,island
655,A,island
656,G,island
657,G,island
658,T,island
659,G,island
660,A,island
661,A,island
662,T,island
663,C,island
664,C,island
665,G,island
666,G,island
667,G,island
668,C,island
669,G,island
670,G,island
671,A,island
672,C,island
673,T,island
674,C,island
675,A,island
676,A,island
677,T,island
678,C,island
679,A,island
680,A,island
681,C,island
682,G,island
683,C,island
684,A,island
685,C,island
686,T,island
687,G,island
688,A,island
689,G,island
690,T,island
691,C,island
692,A,island
693,G,island
694,A,island
695,G,island
696,A,non-island
697,A,non-island
698,A,non-island
699,A,non-island
700,A,non-island
701,T,non-island
702,T,non-island
703,A,non-island
704,T,non-island
705,T,non-island
706,A,non-island
707,C,non-island
708,G,non-island
709,A,non-island
710,A,non-island
711,A,non-island
712,T,non-island
713,G,non-island
714,C,non-island
715,T,non-island
716,G,non-island
717,G,non-island
718,T,non-island
719,G,non-island
720,C,non-island
721,T,non-island
722,C,non-island
723,T,non-island
724,C,non-island
725,G,non-island
726,T,non-island
727,A,non-island
728,A,non-island
729,C,non-island
730,G,non-island
731,A,non-island
732,T,non-island
733,C,non-island
734,G,non-island
735,A,non-island
736,G,non-island
737,A,non-island
738,T,non-island
739,T,non-island
740,A,non-island
741,A,non-island
742,A,non-island
743,T,non-island
744,G,non-island
745,G,non-island
746,A,non-island
747,A,island
748,G,island
749,A,island
750,A,island
751,A,island
752,C,island
753,C,island
754,G,island
755,C,island
756,T,island
757,T,island
758,T,island
759,A,island
760,A,island
761,C,island
762,A,island
763,C,island
764,A,island
765,C,island
766,G,island
767,G,island
768,C,island
769,C,island
770,C,island
771,A,island
772,G,island
773,G,island
774,A,island
775,T,island
776,A,island
777,T,island
778,T,island
779,G,island
780,C,island
781,A,island
782,C,island
783,G,island
784,G,island
785,C,island
786,C,island
787,T,island
788,A,island
789,C,island
790,C,island
791,G,island
792,G,island
793,G,island
794,G,island
795,C,island
796,T,island
797,C,island
798,G,island
799,C,island
800,G,island
801,A,island
802,C,island
803,G,island
804,C,island
805,T,island
806,C,island
807,C,island
808,C,non-island
809,T,non-island
810,C,non-island
811,A,non-island
812,C,non-island
813,A,non-island
814,G,non-island
815,G,non-island
816,A,non-island
817,C,non-island
818,T,non-island
819,C,non-island
820,A,non-island
821,G,non-island
822,A,non-island
823,T,non-island
824,C,non-island
825,A,non-island
826,A,non-island
827,T,non-island
828,A,non-island
829,C,non-island
830,G,non-island
831,C,non-island
832,C,non-island
833,T,non-island
834,A,non-island
835,C,non-island
836,T,non-island
837,T,non-island
838,G,non-island
839,C,non-island
840,T,non-island
841,C,non-island
842,A,non-island
843,A,non-island
844,T,non-island
845,A,non-island
846,G,non-island
847,C,non-island
848,A,non-island
849,T,non-island
850,A,non-island
851,G,non-island
852,C,non-island
853,A,non-island
854,T,non-island
855,A,non-island
856,T,non-island
857,T,non-island
858,A,non-island
859,A,non-island
860,C,non-island
861,T,non-island
862,T,non-island
863,A,non-island
864,C,non-island
865,C,non-island
866,A,non-island
867,A,non-island
868,C,non-island
869,G,non-island
870,A,non-island
871,T,non-island
872,T,non-island
873,C,non-island
874,T,non-island
875,A,non-island
876,A,non-island
877,G,non-island
878,A,non-island
879,A,non-island
880,C,non-island
881,G,non-island
882,A,non-island
883,A,non-island
884,T,non-island
885,G,non-island
886,C,non-island
887,A,non-island
888,A,non-island
889,G,non-island
890,A,non-island
891,A,non-island
892,C,non-island
893,A,non-island
894,G,non-island
895,C,non-island
896,T,non-island
897,T,non-island
898,A,non-island
899,A,non-island
900,T,non-island
901,A,non-island
902,C,non-island
903,G,non-island
904,T,non-island
905,A,non-island
906,T,non-island
907,T,non-island
908,T,non-island
909,T,non-island
910,T,non-island
911,A,non-island
912,G,non-island
913,T,non-island
914,T,non-island
915,T,non-island
916,T,non-island
917,T,non-island
918,A,non-island
919,T,non-island
920,T,non-island
921,T,non-island
922,A,non-island
923,C,non-island
924,T,non-island
925,G,non-island
926,A,non-island
927,C,non-island
928,T,non-island
929,G,non-island
930,T,non-island
931,G,non-island
932,T,non-island
933,A,non-island
934,A,non-island
935,A,non-island
936,G,non-island
937,C,non-island
938,C,non-island
939,T,non-island
940,C,non-island
941,A,non-island
942,A,non-island
943,A,non-island
944,T,non-island
945,T,non-island
946,G,non-island
947,C,non-island
948,A,non-island
949,G,non-island
950,T,non-island
951,G,non-island
952,T,non-island
953,G,non-island
954,A,non-island
955,C,non-island
956,T,non-island
957,G,non-island
958,G,non-island
959,C,non-island
960,A,non-island
961,T,non-island
962,A,non-island
963,A,non-island
964,C,non-island
965,T,non-island
966,C,non-island
967,G,non-island
968,T,non-island
969,A,non-island
970,A,non-island
971,G,non-island
972,A,non-island
973,C,non-island
974,C,non-island
975,T,non-island
976,G,non-island
977,C,non-island
978,C,non-island
979,G,non-island
980,T,non-island
981,C,non-island
982,C,non-island
983,A,non-island
984,A,non-island
985,A,non-island
986,T,non-island
987,T,non-island
988,A,non-island
989,T,non-island
990,A,non-island
991,G,non-island
992,T,non-island
993,A,non-island
994,G,non-island
995,A,non-island
996,T,non-island
997,A,non-island
998,G,non-island
999,C,non-island
1000,C,non-island
1001,C,non-island
1002,A,non-island
1003,T,non-island
1004,G,non-island
1005,T,non-island
1006,C,non-island
1007,G,non-island
1008,C,non-island
1009,T,non-island
1010,C,non-island
1011,A,non-island
1012,G,non-island
1013,C,non-island
1014,T,non-island
1015,A,non-island
1016,A,non-island
1017,A,non-island
1018,C,non-island
1019,G,non-island
1020,C,non-island
1021,T,non-island
1022,C,non-island
1023,A,non-island
1024,T,non-island
1025,T,non-island
1026,G,non-island
1027,T,non-island
1028,C,non-island
1029,T,non-island
1030,T,non-island
1031,A,non-island
1032,A,non-island
1033,A,non-island
1034,C,non-island
1035,C,non-island
1036,G,non-island
1037,A,non-island
1038,A,non-island
1039,A,non-island
1040,C,non-island
1041,T,non-island
1042,T,non-island
1043,A,non-island
1044,C,non-island
1045,T,non-island
1046,A,non-island
1047,T,non-island
1048,G,non-island
1049,T,non-island
1050,T,non-island
1051,T,non-island
1052,G,non-island
1053,G,non-island
1054,T,non-island
1055,A,non-island
1056,C,non-island
1057,T,non-island
1058,A,non-island
1059,T,non-island
1060,A,non-island
1061,A,non-island
1062,G,non-island
1063,T,non-island
1064,G,non-island
1065,T,non-island
1066,G,non-island
1067,T,non-island
1068,T,non-island
1069,T,non-island
1070,C,non-island
1071,G,non-island
1072,C,non-island
1073,T,non-island
1074,G,non-island
1075,C,non-island
1076,C,non-island
1077,A,non-island
1078,G,non-island
1079,T,non-island
1080,C,non-island
1081,C,non-island
1082,T,non-island
1083,A,non-island
1084,T,non-island
1085,G,non-island
1086,T,non-island
1087,C,non-island
1088,G,non-island
1089,G,non-island
1090,A,non-island
1091,A,non-island
1092,C,non-island
1093,T,non-island
1094,C,non-island
1095,A,non-island
1096,C,non-island
1097,C,non-island
1098,A,non-island
1099,C,non-island
1100,C,non-island
1101,T,non-island
1102,T,non-island
1103,C,non-island
1104,T,non-island
1105,G,non-island
1106,G,non-island
1107,T,non-island
1108,C,non-island
1109,G,non-island
1110,A,non-island
1111,C,non-island
1112,C,non-island
1113,C,non-island
1114,A,non-island
1115,A,non-island
1116,G,non-island
1117,T,non-island
1118,C,non-island
1119,A,non-island
1120,T,non-island
1121,T,non-island
1122,G,non-island
1123,T,non-island
1124,A,non-island
1125,A,non-island
1126,A,non-island
1127,A,non-island
1128,A,non-island
1129,A,non-island
1130,G,non-island
1131,A,non-island
1132,A,non-island
1133,C,non-island
1134,A,non-island
1135,A,non-island
1136,A,non-island
1137,T,non-island
1138,G,non-island
1139,C,non-island
1140,G,non-island
1141,T,non-island
1142,G,non-island
1143,A,non-island
1144,T,non-island
1145,G,non-island
1146,A,non-island
1147,G,non-island
1148,T,non-island
1149,G,non-island
1150,A,non-island
1151,A,non-island
1152,C,non-island
1153,G,non-island
1154,T,non-island
1155,A,non-island
1156,C,non-island
1157,C,non-island
1158,G,non-island
1159,C,non-island
1160,C,non-island
1161,T,non-island
1162,A,non-island
1163,T,non-island
1164,T,non-island
1165,C,non-island
1166,T,non-island
1167,T,non-island
1168,C,non-island
1169,C,non-island
1170,G,non-island
1171,T,non-island
1172,C,non-island
1173,G,non-island
1174,T,non-island
1175,A,non-island
1176,T,non-island
1177,G,non-island
1178,A,non-island
1179,A,non-island
1180,C,non-island
1181,T,non-island
1182,A,non-island
1183,A,non-island
1184,C,non-island
1185,T,non-island
1186,G,non-island
1187,T,non-island
1188,A,non-island
1189,T,non-island
1190,T,non-island
1191,T,non-island
1192,C,non-island
1193,T,non-island
1194,C,non-island
1195,T,non-island
1196,C,non-island
1197,T,non-island
1198,G,non-island
1199,C,non-island
1200,G,non-island
1201,C,non-island
1202,T,non-island
1203,A,non-island
1204,G,non-island
1205,A,non-island
1206,G,non-island
1207,G,non-island
1208,T,non-island
1209,G,non-island
1210,T,non-island
1211,G,non-island
1212,C,non-island
1213,T,non-island
1214,C,non-island
1215,A,non-island
1216,A,non-island
1217,C,non-island
1218,T,non-island
1219,T,non-island
1220,T,non-island
1221,T,non-island
1222,C,non-island
1223,T,non-island
1224,T,non-island
1225,T,non-island
1226,A,non-island
1227,C,non-island
1228,G,non-island
1229,A,non-island
1230,G,non-island
1231,C,non-island
1232,T,non-island
1233,T,non-island
1234,C,non-island
1235,T,non-island
1236,G,non-island
1237,G,non-island
1238,T,non-island
1239,C,non-island
1240,G,non-island
1241,C,non-island
1242,C,non-island
1243,T,non-island
1244,T,non-island
1245,T,non-island
1246,T,non-island
1247,T,non-island
1248,C,non-island
1249,T,non-island
1250,A,non-island
1251,A,non-island
1252,T,non-island
1253,C,non-island
1254,A,non-island
1255,A,non-island
1256,T,non-island
1257,G,non-island
1258,T,non-island
1259,T,non-island
1260,T,non-island
1261,A,non-island
1262,A,non-island
1263,A,non-island
1264,A,non-island
1265,C,non-island
1266,A,non-island
1267,T,non-island
1268,T,non-island
1269,T,non-island
1270,C,non-island
1271,G,non-island
1272,A,non-island
1273,G,non-island
1274,T,non-island
1275,G,non-island
1276,A,non-island
1277,A,non-island
1278,T,non-island
1279,A,non-island
1280,T,non-island
1281,T,non-island
1282,C,non-island
1283,T,non-island
1284,A,non-island
1285,A,non-island
1286,A,non-island
1287,G,non-island
1288,T,non-island
1289,A,non-island
1290,T,non-island
1291,A,non-island
1292,A,non-island
1293,G,non-island
1294,C,non-island
1295,A,non-island
1296,C,non-island
1297,T,non-island
1298,A,non-island
1299,T,non-island
1300,G,non-island
1301,A,non-island
1302,C,non-island
1303,T,non-island
1304,G,non-island
1305,A,non-island
1306,G,non-island
1307,T,non-island
1308,G,non-island
1309,A,non-island
1310,T,non-island
1311,G,non-island
1312,G,non-island
1313,C,non-island
1314,T,non-island
1315,A,non-island
1316,G,non-island
1317,T,non-island
1318,A,non-island
1319,T,non-island
1320,T,non-island
1321,A,non-island
1322,C,non-island
1323,C,non-island
1324,T,non-island
1325,T,non-island
1326,T,non-island
1327,T,non-island
1328,G,non-island
1329,A,non-island
1330,T,non-island
1331,G,non-island
1332,A,non-island
1333,G,non-island
1334,T,non-island
1335,C,non-island
1336,G,non-island
1337,A,non-island
1338,C,non-island
1339,T,non-island
1340,A,non-island
1341,G,non-island
1342,T,non-island
1343,T,non-island
1344,A,non-island
1345,G,non-island
1346,A,non-island
1347,C,non-island
1348,T,non-island
1349,A,non-island
1350,T,non-island
1351,T,non-island
1352,G,non-island
1353,T,non-island
1354,G,non-island
1355,A,non-island
1356,T,non-island
1357,A,non-island
1358,G,non-island
1359,T,non-island
1360,T,non-island
1361,T,non-island
1362,G,non-island
1363,T,non-island
1364,T,non-island
1365,A,non-island
1366,C,non-island
1367,A,non-island
1368,C,non-island
1369,A,non-island
1370,A,non-island
1371,A,non-island
1372,A,non-island
1373,C,non-island
1374,A,non-island
1375,A,non-island
1376,T,non-island
1377,T,non-island
1378,T,non-island
1379,A,non-island
1380,A,non-island
1381,A,non-island
1382,A,non-island
1383,C,non-island
1384,T,non-island
1385,C,non-island
1386,A,non-island
1387,A,non-island
1388,T,non-island
1389,A,non-island
1390,A,non-island
1391,G,non-island
1392,A,non-island
1393,A,non-island
1394,A,non-island
1395,A,non-island
1396,A,non-island
1397,A,non-island
1398,C,non-island
1399,A,non-island
1400,C,non-island
1401,A,non-island
1402,G,non-island
1403,C,non-island
1404,G,non-island
1405,G,non-island
1406,G,non-island
1407,C,non-island
1408,A,non-island
1409,A,non-island
1410,T,non-island
1411,A,non-island
1412,T,non-island
1413,C,non-island
1414,G,non-island
1415,T,non-island
1416,T,non-island
1417,A,non-island
1418,A,non-island
1419,C,non-island
1420,C,non-island
1421,T,non-island
1422,T,non-island
1423,A,non-island
1424,A,non-island
1425,A,non-island
1426,A,non-island
1427,A,non-island
1428,C,non-island
1429,A,non-island
1430,G,non-island
1431,C,non-island
1432,G,non-island
1433,A,non-island
1434,T,non-island
1435,C,non-island
1436,A,non-island
1437,T,non-island
1438,T,non-island
1439,A,non-island
1440,C,non-island
1441,T,non-island
1442,C,non-island
1443,C,non-island
1444,A,non-island
1445,A,non-island
1446,A,non-island
1447,C,non-island
1448,G,non-island
1449,G,non-island
1450,A,non-island
1451,C,non-island
1452,G,non-island
1453,A,non-island
1454,C,non-island
1455,C,non-island
1456,G,non-island
1457,A,non-island
1458,T,non-island
1459,T,non-island
1460,T,non-island
1461,G,non-island
1462,G,non-island
1463,C,non-island
1464,C,non-island
1465,T,non-island
1466,G,non-island
1467,A,non-island
1468,C,non-island
1469,T,non-island
1470,G,non-island
1471,G,non-island
1472,G,non-island
1473,G,non-island
1474,T,non-island
1475,T,non-island
1476,A,non-island
1477,C,non-island
1478,C,non-island
1479,A,non-island
1480,C,non-island
1481,T,non-island
1482,C,non-island
1483,A,non-island
1484,C,non-island
1485,T,non-island
1486,T,non-island
1487,T,non-island
1488,G,non-island
1489,G,non-island
1490,C,non-island
1491,T,non-island
1492,T,non-island
1493,C,non-island
1494,G,non-island
1495,G,non-island
1496,A,non-island
1497,T,non-island
1498,C,non-island
1499,C,non-island
1500,T,non-island
1501,T,non-island
1502,T,non-island
1503,T,non-island
1504,A,non-island
1505,T,non-island
1506,A,non-island
1507,C,non-island
1508,T,non-island
1509,G,non-island
1510,C,non-island
1511,A,non-island
1512,G,non-island
1513,C,non-island
1514,T,non-island
1515,G,non-island
1516,A,non-island
1517,G,non-island
1518,C,non-island
1519,A,non-island
1520,G,non-island
1521,A,non-island
1522,C,non-island
1523,A,non-island
1524,G,non-island
1525,G,non-island
1526,A,non-island
1527,C,non-island
1528,T,non-island
1529,T,non-island
1530,C,non-island
1531,T,non-island
1532,C,non-island
1533,T,non-island
1534,A,non-island
1535,A,non-island
1536,G,non-island
1537,A,non-island
1538,A,non-island
1539,A,non-island
1540,A,non-island
1541,G,non-island
1542,C,non-island
1543,G,non-island
1544,A,non-island
1545,A,non-island
1546,C,non-island
1547,A,non-island
1548,A,non-island
1549,T,non-island
1550,T,non-island
1551,G,non-island
1552,G,non-island
1553,T,non-island
1554,T,non-island
1555,G,non-island
1556,C,non-island
1557,T,non-island
1558,T,non-island
1559,C,non-island
1560,T,non-island
1561,A,non-island
1562,G,non-island
1563,G,non-island
1564,A,non-island
1565,C,non-island
1566,G,non-island
1567,C,non-island
1568,G,non-island
1569,G,non-island
1570,C,non-island
1571,A,non-island
1572,A,non-island
1573,C,non-island
1574,T,non-island
1575,T,non-island
1576,C,non-island
1577,C,non-island
1578,T,non-island
1579,A,non-island
1580,A,non-island
1581,G,non-island
1582,T,non-island
1583,T,non-island
1584,C,non-island
1585,A,non-island
1586,T,non-island
1587,G,non-island
1588,T,non-island
1589,C,non-island
1590,A,non-island
1591,A,non-island
1592,T,non-island
1593,A,non-island
1594,A,non-island
1595,T,non-island
1596,A,non-island
1597,G,non-island
1598,G,non-island
1599,G,non-island
1600,C,non-island
1601,T,non-island
1602,T,non-island
1603,C,non-island
1604,A,non-island
1605,T,non-island
1606,T,non-island
1607,C,non-island
1608,A,non-island
1609,A,non-island
1610,A,non-island
1611,C,non-island
1612,T,non-island
1613,T,non-island
1614,T,non-island
1615,C,non-island
1616,C,non-island
1617,A,non-island
1618,G,non-island
1619,A,non-island
1620,A,non-island
1621,T,non-island
1622,A,non-island
1623,A,non-island
1624,T,non-island
1625,A,non-island
1626,A,non-island
1627,A,non-island
1628,C,non-island
1629,G,non-island
1630,C,non-island
1631,C,non-island
1632,T,non-island
1633,A,non-island
1634,A,non-island
1635,G,non-island
1636,C,non-island
1637,A,non-island
1638,C,non-island
1639,A,non-island
1640,T,non-island
1641,C,non-island
1642,A,non-island
1643,C,non-island
1644,A,non-island
1645,T,non-island
1646,T,non-island
1647,T,non-island
1648,A,non-island
1649,A,non-island
1650,C,non-island
1651,A,non-island
1652,C,non-island
1653,A,non-island
1654,A,non-island
1655,T,non-island
1656,A,non-island
1657,A,non-island
1658,T,non-island
1659,T,non-island
1660,T,non-island
1661,T,non-island
1662,A,non-island
1663,A,non-island
1664,T,non-island
1665,C,non-island
1666,C,non-island
1667,A,non-island
1668,A,non-island
1669,A,non-island
1670,C,non-island
1671,A,non-island
1672,T,non-island
1673,A,non-island
1674,A,non-island
1675,T,non-island
1676,G,non-island
1677,A,non-island
1678,C,non-island
1679,G,non-island
1680,G,non-island
1681,T,non-island
1682,C,non-island
1683,T,non-island
1684,T,non-island
1685,A,non-island
1686,G,non-island
1687,C,non-island
1688,G,non-island
1689,T,non-island
1690,T,non-island
1691,T,non-island
1692,A,non-island
1693,C,island
1694,C,island
1695,G,island
1696,C,island
1697,G,island
1698,G,island
1699,G,island
1700,G,island
1701,G,island
1702,C,island
1703,C,island
1704,T,island
1705,G,island
1706,C,island
1707,G,island
1708,G,island
1709,C,island
1710,A,island
1711,G,island
1712,C,island
1713,C,island
1714,C,island
1715,C,island
1716,A,island
1717,C,island
1718,T,island
1719,G,island
1720,A,island
1721,C,island
1722,A,island
1723,T,island
1724,G,island
1725,T,island
1726,G,island
1727,T,island
1728,G,island
1729,C,island
1730,G,island
1731,G,island
1732,C,island
1733,T,island
1734,T,island
1735,C,island
1736,G,island
1737,G,island
1738,C,island
1739,A,island
1740,C,island
1741,G,island
1742,C,island
1743,C,island
1744,G,island
1745,C,island
1746,G,island
1747,G,island
1748,G,island
1749,C,island
1750,C,island
1751,C,island
1752,C,island
1753,C,island
1754,A,island
1755,G,island
1756,T,island
1757,C,island
1758,C,island
1759,G,island
1760,T,island
1761,A,island
1762,C,island
1763,C,island
1764,G,island
1765,C,island
1766,G,island
1767,G,island
1768,C,island
1769,C,island
1770,G,island
1771,G,island
1772,G,island
1773,C,island
1774,C,island
1775,G,island
1776,C,island
1777,T,island
1778,C,island
1779,A,island
1780,G,island
1781,C,island
1782,C,island
1783,A,island
1784,G,island
1785,T,island
1786,G,island
1787,G,island
1788,A,island
1789,A,island
1790,T,island
1791,T,island
1792,G,island
1793,G,island
1794,G,island
1795,A,island
1796,C,island
1797,G,island
1798,G,island
1799,C,island
1800,G,island
1801,C,island
1802,G,island
1803,C,island
1804,C,island
1805,T,island
1806,G,island
1807,G,island
1808,G,non-island
1809,C,non-island
1810,A,non-island
1811,G,non-island
1812,C,non-island
1813,T,non-island
1814,A,non-island
1815,A,non-island
1816,T,non-island
1817,T,non-island
1818,T,non-island
1819,T,non-island
1820,C,non-island
1821,T,non-island
1822,G,non-island
1823,A,non-island
1824,A,non-island
1825,A,non-island
1826,A,non-island
1827,G,non-island
1828,A,non-island
1829,T,non-island
1830,T,non-island
1831,C,non-island
1832,T,non-island
1833,G,non-island
1834,T,non-island
1835,C,non-island
1836,G,non-island
1837,T,non-island
1838,A,non-island
1839,A,non-island
1840,G,non-island
1841,A,non-island
1842,G,non-island
1843,A,non-island
1844,A,non-island
1845,C,non-island
1846,G,non-island
1847,G,non-island
1848,T,non-island
1849,A,non-island
1850,T,non-island
1851,G,non-island
1852,C,non-island
1853,G,non-island
1854,C,non-island
1855,T,non-island
1856,T,non-island
1857,G,non-island
1858,G,non-island
1859,A,non-island
1860,T,non-island
1861,T,non-island
1862,A,non-island
1863,C,non-island
1864,A,non-island
1865,T,non-island
1866,A,non-island
1867,T,non-island
1868,T,non-island
1869,G,non-island
1870,A,non-island
1871,T,non-island
1872,G,non-island
1873,T,non-island
1874,T,non-island
1875,A,non-island
1876,C,non-island
1877,C,non-island
1878,C,non-island
1879,C,non-island
1880,A,non-island
1881,A,non-island
1882,G,non-island
1883,T,non-island
1884,A,non-island
1885,T,non-island
1886,T,non-island
1887,C,non-island
1888,G,non-island
1889,G,non-island
1890,C,non-island
1891,A,non-island
1892,T,non-island
1893,A,non-island
1894,A,non-island
1895,G,non-island
1896,T,non-island
1897,T,non-island
1898,G,non-island
1899,A,non-island
1900,T,non-island
1901,T,non-island
1902,C,non-island
1903,C,non-island
1904,A,non-island
1905,C,non-island
1906,G,non-island
1907,T,non-island
1908,G,non-island
1909,C,non-island
1910,G,non-island
1911,T,non-island
1912,G,non-island
1913,C,non-island
1914,G,non-island
1915,T,non-island
1916,G,non-island
1917,G,non-island
1918,A,non-island
1919,T,non-island
1920,C,non-island
1921,G,non-island
1922,G,non-island
1923,T,non-island
1924,T,non-island
1925,C,non-island
1926,T,non-island
1927,G,non-island
1928,C,non-island
1929,A,non-island
1930,C,non-island
1931,A,non-island
1932,C,non-island
1933,T,non-island
1934,C,non-island
1935,G,non-island
1936,C,non-island
1937,C,non-island
1938,T,non-island
1939,T,non-island
1940,T,non-island
1941,T,non-island
1942,G,non-island
1943,C,non-island
1944,C,non-island
1945,T,non-island
1946,A,non-island
1947,A,non-island
1948,C,non-island
1949,C,non-island
1950,T,non-island
1951,G,non-island
1952,A,non-island
1953,A,non-island
1954,C,non-island
1955,G,non-island
1956,C,non-island
1957,T,non-island
1958,T,non-island
1959,T,non-island
1960,C,non-island
1961,C,non-island
1962,C,non-island
1963,T,non-island
1964,T,non-island
1965,T,non-island
1966,T,non-island
1967,T,non-island
1968,C,non-island
1969,C,non-island
1970,T,non-island
1971,G,non-island
1972,A,non-island
1973,G,non-island
1974,T,non-island
1975,T,non-island
1976,A,non-island
1977,G,island
1978,G,island
1979,C,island
1980,A,island
1981,G,island
1982,G,island
1983,G,island
1984,A,island
1985,C,island
1986,C,island
1987,C,island
1988,C,island
1989,C,island
1990,T,island
1991,C,island
1992,G,island
1993,C,island
1994,C,island
1995,G,non-island
1996,A,non-island
1997,G,non-island
1998,C,non-island
1999,C,non-island
